{
  "corr_pre_post": 0.793986129147,
  "corr_pre_realized": 0.87956008396,
  "corr_post_realized": 0.98650479134,
  "coupling_mean": 0.04,
  "pre_noise_std": 0.038783190906
}
