{
  "corr_pre_post": 0.659212315222,
  "corr_pre_realized": 0.819114287693,
  "corr_post_realized": 0.969932986609,
  "coupling_mean": 0.04,
  "pre_noise_std": 0.042841572511
}
