{
  "corr_pre_post": 0.932595710397,
  "corr_pre_realized": 0.76661821893,
  "corr_post_realized": 0.781206709353,
  "coupling_mean": 0.92,
  "pre_noise_std": 0.164735515426
}
