{
  "corr_pre_post": 0.728514377939,
  "corr_pre_realized": 0.859009929758,
  "corr_post_realized": 0.975438325513,
  "coupling_mean": 0.04,
  "pre_noise_std": 0.040253273837
}
