{
  "corr_pre_post": 0.603159069934,
  "corr_pre_realized": 0.78457900804,
  "corr_post_realized": 0.965783932013,
  "coupling_mean": 0.04,
  "pre_noise_std": 0.034038335679
}
