{
  "corr_pre_post": 0.615091475067,
  "corr_pre_realized": 0.770237337833,
  "corr_post_realized": 0.975150556552,
  "coupling_mean": 0.04,
  "pre_noise_std": 0.043549773638
}
