{
  "corr_pre_post": 0.932797017967,
  "corr_pre_realized": 0.792914587192,
  "corr_post_realized": 0.775811706803,
  "coupling_mean": 0.92,
  "pre_noise_std": 0.157260473366
}
