{
  "corr_pre_post": 0.952129040144,
  "corr_pre_realized": 0.858226774684,
  "corr_post_realized": 0.826571536883,
  "coupling_mean": 0.92,
  "pre_noise_std": 0.136511610215
}
