{
  "corr_pre_post": 0.782005357584,
  "corr_pre_realized": 0.897391718965,
  "corr_post_realized": 0.975422645616,
  "coupling_mean": 0.04,
  "pre_noise_std": 0.039793770679
}
