{
  "corr_pre_post": 0.954959118191,
  "corr_pre_realized": 0.837992311672,
  "corr_post_realized": 0.823335479813,
  "coupling_mean": 0.92,
  "pre_noise_std": 0.154221457466
}
