{
  "corr_pre_post": 0.720464293495,
  "corr_pre_realized": 0.844834063422,
  "corr_post_realized": 0.978080700167,
  "coupling_mean": 0.04,
  "pre_noise_std": 0.039349686204
}
