{
  "corr_pre_post": 0.941660178286,
  "corr_pre_realized": 0.759529784158,
  "corr_post_realized": 0.754379043088,
  "coupling_mean": 0.92,
  "pre_noise_std": 0.158294781179
}
