{
  "corr_pre_post": 0.770564643911,
  "corr_pre_realized": 0.881071311082,
  "corr_post_realized": 0.979279799634,
  "coupling_mean": 0.04,
  "pre_noise_std": 0.040939465059
}
