{
  "corr_pre_post": 0.656028445883,
  "corr_pre_realized": 0.818590532923,
  "corr_post_realized": 0.969053926851,
  "coupling_mean": 0.04,
  "pre_noise_std": 0.045476642295
}
