{
  "corr_pre_post": 0.937801676059,
  "corr_pre_realized": 0.756347995439,
  "corr_post_realized": 0.750362423314,
  "coupling_mean": 0.92,
  "pre_noise_std": 0.159538463537
}
